"id","name","code","user_type_id/id","chart_template_id/id","tag_ids/id","reconcile"
"1","ACTIVO","1","account.data_account_type_liquidity","py_ctrm_account_basic.py_chart_template_basic","","False"
"101","ACTIVO CORRIENTE","101","account.data_account_type_liquidity","py_ctrm_account_basic.py_chart_template_basic","","False"
"10101","DISPONIBILIDADES","10101","account.data_account_type_liquidity","py_ctrm_account_basic.py_chart_template_basic","","False"
"1010101","RECAUDACIONES A DEPOSITAR","1010101","account.data_account_type_liquidity","py_ctrm_account_basic.py_chart_template_basic","","False"
"101010101","RECAUDACIONES A DEPOSITAR Gs","101010101","account.data_account_type_liquidity","py_ctrm_account_basic.py_chart_template_basic","","False"
"101010102","RECAUDACIONES A DEPOSITAR USD","101010102","account.data_account_type_liquidity","py_ctrm_account_basic.py_chart_template_basic","","False"
"101010201","CAJA CHICA M/L GS","101010201","account.data_account_type_liquidity","py_ctrm_account_basic.py_chart_template_basic","","False"
"101010202","CAJA CHICA M/E USD","101010202","account.data_account_type_liquidity","py_ctrm_account_basic.py_chart_template_basic","","False"
"101010203","Dinero en efectivo","101010203","account.data_account_type_liquidity","py_ctrm_account_basic.py_chart_template_basic","","False"
"101010301","FONDO FIJO GS","101010301","account.data_account_type_liquidity","py_ctrm_account_basic.py_chart_template_basic","","False"
"101010302","FONDO FIJO USD","101010302","account.data_account_type_liquidity","py_ctrm_account_basic.py_chart_template_basic","","False"
"101010401","BANCO GNB C.C. Gs","101010401","account.data_account_type_liquidity","py_ctrm_account_basic.py_chart_template_basic","","False"
"101010402","BANCO ITAU C.C. Gs","101010402","account.data_account_type_liquidity","py_ctrm_account_basic.py_chart_template_basic","","False"
"101010403","BANCO CITIBANK C.C. Gs","101010403","account.data_account_type_liquidity","py_ctrm_account_basic.py_chart_template_basic","","False"
"101010404","BANCO GNB C.C. USD","101010404","account.data_account_type_liquidity","py_ctrm_account_basic.py_chart_template_basic","","False"
"101010405","BANCO BBVA C.C. USD","101010405","account.data_account_type_liquidity","py_ctrm_account_basic.py_chart_template_basic","","False"
"101010406","Banco","101010406","account.data_account_type_liquidity","py_ctrm_account_basic.py_chart_template_basic","","False"
"10102","INVERSIONES TEMPORARIAS","10102","account.data_account_type_current_assets","py_ctrm_account_basic.py_chart_template_basic","","False"
"1010201","INVERSIONES FINANCIERAS","1010201","account.data_account_type_current_assets","py_ctrm_account_basic.py_chart_template_basic","","False"
"1010202","INVERSIONES EN ENTIDADES VINCULADAS","1010202","account.data_account_type_current_assets","py_ctrm_account_basic.py_chart_template_basic","","False"
"1010203","OTRAS INVERSIONES","1010203","account.data_account_type_current_assets","py_ctrm_account_basic.py_chart_template_basic","","False"
"1010204","INTERESES, REGALÍAS Y OTROS RENDIMIENTOS DE INVERSIONES","1010204","account.data_account_type_current_assets","py_ctrm_account_basic.py_chart_template_basic","","False"
"10103","CREDITOS","10103","account.data_account_type_receivable","py_ctrm_account_basic.py_chart_template_basic","","True"
"1010301","DEUDORES POR VENTAS","1010301","account.data_account_type_receivable","py_ctrm_account_basic.py_chart_template_basic","","True"
"101030101","CLIENTES LOCALES","101030101","account.data_account_type_receivable","py_ctrm_account_basic.py_chart_template_basic","","True"
"101030102","CLIENTES OCACIONALES O EXTRANJEROS","101030102","account.data_account_type_receivable","py_ctrm_account_basic.py_chart_template_basic","","True"
"101030103","CLIENTES DEL ESTADO","101030103","account.data_account_type_receivable","py_ctrm_account_basic.py_chart_template_basic","","True"
"101030104","CHEQUES DIFERIDOS","101030104","account.data_account_type_receivable","py_ctrm_account_basic.py_chart_template_basic","","True"
"101030105","CHEQUES RECHAZADOS","101030105","account.data_account_type_receivable","py_ctrm_account_basic.py_chart_template_basic","","True"
"101030106","DOCUMENTOS A COBRAR","101030106","account.data_account_type_receivable","py_ctrm_account_basic.py_chart_template_basic","","True"
"101030107","TARJETAS DE CREDITO A COBRAR","101030107","account.data_account_type_receivable","py_ctrm_account_basic.py_chart_template_basic","","True"
"101030108","CLIENTES  MOROSOS","101030108","account.data_account_type_receivable","py_ctrm_account_basic.py_chart_template_basic","","True"
"101030109","CLIENTES DE DUDOSO COBRO","101030109","account.data_account_type_receivable","py_ctrm_account_basic.py_chart_template_basic","","True"
"1010302","DEUDORES POR PRÉSTAMOS","1010302","account.data_account_type_receivable","py_ctrm_account_basic.py_chart_template_basic","","True"
"101030301","ADELANTO DE SUELDOS","101030301","account.data_account_type_current_assets","py_ctrm_account_basic.py_chart_template_basic","","False"
"101030302","ANTICIPO AL PERSONAL SUPERIOR","101030302","account.data_account_type_current_assets","py_ctrm_account_basic.py_chart_template_basic","","False"
"101030303","RECURSOS PENDIENTES SUELDOS","101030303","account.data_account_type_current_assets","py_ctrm_account_basic.py_chart_template_basic","","False"
"1010304","CUENTAS A COBRAR A SOCIOS O A ENTIDADES VINCULADAS","1010304","account.data_account_type_current_assets","py_ctrm_account_basic.py_chart_template_basic","","False"
"101030501","ANTICIPOS Y RETENCIONES DE IMPUESTO A LA RENTA ","101030501","account.data_account_type_current_assets","py_ctrm_account_basic.py_chart_template_basic","","False"
"101030502","RETENCIONES DE IVA","101030502","account.data_account_type_current_assets","py_ctrm_account_basic.py_chart_template_basic","","False"
"101030503","IVA - CRÉDITO FISCAL ","101030503","account.data_account_type_current_assets","py_ctrm_account_basic.py_chart_template_basic","","False"
"101030504","IVA - CRÉDITO FISCAL - RÉGIMEN DE TURISMO","101030504","account.data_account_type_current_assets","py_ctrm_account_basic.py_chart_template_basic","","False"
"101030601","ANTICIPOS A PROVEEDORES LOCALES","101030601","account.data_account_type_current_assets","py_ctrm_account_basic.py_chart_template_basic","","False"
"101030602","ANTICIPOS A PROVEEDORES DEL EXTERIOR","101030602","account.data_account_type_current_assets","py_ctrm_account_basic.py_chart_template_basic","","False"
"101030603","ANTICIPO A DESPACHANTES","101030603","account.data_account_type_current_assets","py_ctrm_account_basic.py_chart_template_basic","","False"
"1010307","DEUDORES VARIOS RECURSOS PENDIENTES","1010307","account.data_account_type_current_assets","py_ctrm_account_basic.py_chart_template_basic","","False"
"1010399","(-) PREVISIÓN PARA CRÉDITOS DE DUDOSO COBRO","1010399","account.data_account_type_current_assets","py_ctrm_account_basic.py_chart_template_basic","","False"
"10104","INVENTARIOS","10104","account.data_account_type_current_assets","py_ctrm_account_basic.py_chart_template_basic","","False"
"1010401","LINEA DE PRODUCTO INVENTARIABLE 1","1010401","account.data_account_type_current_assets","py_ctrm_account_basic.py_chart_template_basic","","False"
"1010402","LINEA DE PRODUCTO INVENTARIABLE 2","1010402","account.data_account_type_current_assets","py_ctrm_account_basic.py_chart_template_basic","","False"
"1010403","LINEA DE PRODUCTO INVENTARIABLE 3","1010403","account.data_account_type_current_assets","py_ctrm_account_basic.py_chart_template_basic","","False"
"1010411","IMPORTACIONES EN CURSO","1010411","account.data_account_type_current_assets","py_ctrm_account_basic.py_chart_template_basic","","False"
"1010499","(-) PREVISIÓN POR DEVALUACIÓN DE INVENTARIOS","1010499","account.data_account_type_current_assets","py_ctrm_account_basic.py_chart_template_basic","","False"
"1010501","ALQUILERES PAGADOS POR ADELANTADO","1010501","account.data_account_type_current_assets","py_ctrm_account_basic.py_chart_template_basic","","False"
"1010502","SEGUROS A DEVENGAR","1010502","account.data_account_type_current_assets","py_ctrm_account_basic.py_chart_template_basic","","False"
"1010503","INTERESES A VENCER","1010503","account.data_account_type_current_assets","py_ctrm_account_basic.py_chart_template_basic","","False"
"1010504","IMPUESTOS A VENCER","1010504","account.data_account_type_current_assets","py_ctrm_account_basic.py_chart_template_basic","","False"
"1010505","GASTOS A VENCER","1010505","account.data_account_type_current_assets","py_ctrm_account_basic.py_chart_template_basic","","False"
"1010506","GASTOS PUBLICIDAD A VENCER","1010506","account.data_account_type_current_assets","py_ctrm_account_basic.py_chart_template_basic","","False"
"101060101","CUENTA DE TRANSFERENCIA","101060101","account.data_account_type_current_assets","py_ctrm_account_basic.py_chart_template_basic","","True"
"102","ACTIVO NO CORRIENTE","102","account.data_account_type_non_current_assets","py_ctrm_account_basic.py_chart_template_basic","","False"
"10201","CRÉDITOS A LARGO PLAZO","10201","account.data_account_type_non_current_assets","py_ctrm_account_basic.py_chart_template_basic","","False"
"1020101","DEUDORES POR VENTAS","1020101","account.data_account_type_non_current_assets","py_ctrm_account_basic.py_chart_template_basic","","False"
"1020102","DEUDORES POR PRÉSTAMOS","1020102","account.data_account_type_non_current_assets","py_ctrm_account_basic.py_chart_template_basic","","False"
"1020103","CUENTAS A COBRAR A DIRECTORES Y FUNCIONARIOS ","1020103","account.data_account_type_non_current_assets","py_ctrm_account_basic.py_chart_template_basic","","False"
"1020104","CUENTAS A COBRAR A SOCIOS O ENTIDADES VINCULADAS","1020104","account.data_account_type_non_current_assets","py_ctrm_account_basic.py_chart_template_basic","","False"
"1020105","DEUDORES EN GESTIÓN DE COBRO – MOROSOS O SIMILARES","1020105","account.data_account_type_non_current_assets","py_ctrm_account_basic.py_chart_template_basic","","False"
"102010601","ANTICIPOS A PROVEEDORES LOCALES NO CORRIENTES","102010601","account.data_account_type_non_current_assets","py_ctrm_account_basic.py_chart_template_basic","","False"
"102010602","ANTICIPOS A PROVEEDORES DEL EXTERIOR NO CORRIENTES","102010602","account.data_account_type_non_current_assets","py_ctrm_account_basic.py_chart_template_basic","","False"
"1020107","CRÉDITOS POR IMPUESTOS DIFERIDOS ","1020107","account.data_account_type_non_current_assets","py_ctrm_account_basic.py_chart_template_basic","","False"
"1020199","(-) PREVISIÓN PARA CRÉDITOS DE DUDOSO COBRO","1020199","account.data_account_type_non_current_assets","py_ctrm_account_basic.py_chart_template_basic","","False"
"1020201","ACTIVOS BIOLÓGICOS EN PRODUCCIÓN","1020201","account.data_account_type_non_current_assets","py_ctrm_account_basic.py_chart_template_basic","","False"
"1020202","ACTIVOS BIOLÓGICOS EN DESARROLLO","1020202","account.data_account_type_non_current_assets","py_ctrm_account_basic.py_chart_template_basic","","False"
"1020299","(-) PREVISIÓN POR DEVALUACIÓN DE ACTIVOS BIOLÓGICOS","1020299","account.data_account_type_non_current_assets","py_ctrm_account_basic.py_chart_template_basic","","False"
"1020301","INVERSIONES FINANCIERAS","1020301","account.data_account_type_non_current_assets","py_ctrm_account_basic.py_chart_template_basic","","False"
"1020302","INVERSIONES EN ENTIDADES VINCULADAS","1020302","account.data_account_type_non_current_assets","py_ctrm_account_basic.py_chart_template_basic","","False"
"1020303","INVERSIONES INMOBILIARIAS","1020303","account.data_account_type_non_current_assets","py_ctrm_account_basic.py_chart_template_basic","","False"
"1020304","OTRAS INVERSIONES","1020304","account.data_account_type_non_current_assets","py_ctrm_account_basic.py_chart_template_basic","","False"
"1020305","INTERESES, REGALÍAS Y OTROS RENDIMIENTOS DE INVERSIONES","1020305","account.data_account_type_non_current_assets","py_ctrm_account_basic.py_chart_template_basic","","False"
"1020399","(-) PREVISIÓN POR DEVALUACIÓN DE INVERSIONES","1020399","account.data_account_type_non_current_assets","py_ctrm_account_basic.py_chart_template_basic","","False"
"1020401","INMUEBLES EDIFICIOS","1020401","account.data_account_type_fixed_assets","py_ctrm_account_basic.py_chart_template_basic","","False"
"1020402","RODADOS /TRANSPORTES","1020402","account.data_account_type_fixed_assets","py_ctrm_account_basic.py_chart_template_basic","","False"
"1020403","MUEBLES, ÚTILES Y ENSERES","1020403","account.data_account_type_fixed_assets","py_ctrm_account_basic.py_chart_template_basic","","False"
"1020404","MAQUINARIAS ","1020404","account.data_account_type_fixed_assets","py_ctrm_account_basic.py_chart_template_basic","","False"
"1020405","EQUIPOS INFORMÁTICOS","1020405","account.data_account_type_fixed_assets","py_ctrm_account_basic.py_chart_template_basic","","False"
"1020406","HERRAMIENTAS","1020406","account.data_account_type_fixed_assets","py_ctrm_account_basic.py_chart_template_basic","","False"
"1020407","BIENES FUERA DE OPERACIÓN","1020407","account.data_account_type_fixed_assets","py_ctrm_account_basic.py_chart_template_basic","","False"
"1020408","MEJORAS EN PREDIO AJENO ","1020408","account.data_account_type_fixed_assets","py_ctrm_account_basic.py_chart_template_basic","","False"
"1020409","INMUEBLES TERRENOS","1020409","account.data_account_type_fixed_assets","py_ctrm_account_basic.py_chart_template_basic","","False"
"1020497","BIENES INCORPORADOS AL AMPARO DE LA LEY N° 60/90","1020497","account.data_account_type_fixed_assets","py_ctrm_account_basic.py_chart_template_basic","","False"
"1020498","BIENES EN ARRENDAMIENTO FINANCIERO","1020498","account.data_account_type_fixed_assets","py_ctrm_account_basic.py_chart_template_basic","","False"
"1020499","(-) DEPRECIACIÓN ACUMULADA","1020499","account.data_account_type_fixed_assets","py_ctrm_account_basic.py_chart_template_basic","","False"
"1020501","DERECHOS FIDUCIARIOS","1020501","account.data_account_type_non_current_assets","py_ctrm_account_basic.py_chart_template_basic","","False"
"1020601","GASTOS DE CONSTITUCIÓN ","1020601","account.data_account_type_non_current_assets","py_ctrm_account_basic.py_chart_template_basic","","False"
"1020602","GASTOS DE ORGANIZACIÓN ","1020602","account.data_account_type_non_current_assets","py_ctrm_account_basic.py_chart_template_basic","","False"
"1020603","GASTOS DE DESARROLLO ","1020603","account.data_account_type_non_current_assets","py_ctrm_account_basic.py_chart_template_basic","","False"
"1020604","GASTOS DE PROYECTOS DE INVERSIÓN","1020604","account.data_account_type_non_current_assets","py_ctrm_account_basic.py_chart_template_basic","","False"
"1020699","(-) AMORTIZACIÓN ACUMULADA","1020699","account.data_account_type_non_current_assets","py_ctrm_account_basic.py_chart_template_basic","","False"
"1020701","LICENCIAS, MARCAS Y PATENTES","1020701","account.data_account_type_non_current_assets","py_ctrm_account_basic.py_chart_template_basic","","False"
"1020702","FRANQUICIAS","1020702","account.data_account_type_non_current_assets","py_ctrm_account_basic.py_chart_template_basic","","False"
"1020799","(-) AMORTIZACIÓN ACUMULADA","1020799","account.data_account_type_non_current_assets","py_ctrm_account_basic.py_chart_template_basic","","False"
"2","PASIVO","2","account.data_account_type_payable","py_ctrm_account_basic.py_chart_template_basic","","True"
"201","PASIVO CORRIENTE","201","account.data_account_type_payable","py_ctrm_account_basic.py_chart_template_basic","","True"
"20101","ACREEDORES COMERCIALES","20101","account.data_account_type_payable","py_ctrm_account_basic.py_chart_template_basic","","True"
"2010101","PROVEEDORES LOCALES","2010101","account.data_account_type_payable","py_ctrm_account_basic.py_chart_template_basic","","True"
"2010102","PROVEEDORES DEL EXTERIOR","2010102","account.data_account_type_payable","py_ctrm_account_basic.py_chart_template_basic","","True"
"2010103","INTERESES A PAGAR A PROVEEDORES","2010103","account.data_account_type_payable","py_ctrm_account_basic.py_chart_template_basic","","True"
"2010104","OTROS ACREEDORES","2010104","account.data_account_type_payable","py_ctrm_account_basic.py_chart_template_basic","","True"
"201020104","PRÉSTAMOS GNB (CAPITAL) Gs","201020104","account.data_account_type_payable","py_ctrm_account_basic.py_chart_template_basic","","True"
"201020106","PRÉSTAMOS CITIBANK (CAPITAL) Gs","201020106","account.data_account_type_payable","py_ctrm_account_basic.py_chart_template_basic","","True"
"201020107","PRÉSTAMOS BBVA (CAPITAL) Gs","201020107","account.data_account_type_payable","py_ctrm_account_basic.py_chart_template_basic","","True"
"201020108","PRÉSTAMOS SUDAMERIS (CAPITAL) Gs","201020108","account.data_account_type_payable","py_ctrm_account_basic.py_chart_template_basic","","True"
"201020117","PRÉSTAMOS ITAU (CAPITAL) Gs","201020117","account.data_account_type_payable","py_ctrm_account_basic.py_chart_template_basic","","True"
"201020120","PRÉSTAMOS CONTINENTAL (CAPITAL) Gs","201020120","account.data_account_type_payable","py_ctrm_account_basic.py_chart_template_basic","","True"
"2010203","ARRENDAMIENTOS FINANCIEROS","2010203","account.data_account_type_payable","py_ctrm_account_basic.py_chart_template_basic","","True"
"2010204","OTROS PRÉSTAMOS A PAGAR","2010204","account.data_account_type_payable","py_ctrm_account_basic.py_chart_template_basic","","True"
"2010205","INTERESES A PAGAR","2010205","account.data_account_type_payable","py_ctrm_account_basic.py_chart_template_basic","","True"
"2010206","PRÉSTAMOS DEL DUEÑO, SOCIOS O  ENTIDADES VINCULADAS","2010206","account.data_account_type_payable","py_ctrm_account_basic.py_chart_template_basic","","True"
"2010207","TARJETAS CORPORATIVAS A PAGAR","2010207","account.data_account_type_payable","py_ctrm_account_basic.py_chart_template_basic","","True"
"2010208","SOBREGIROS EN CUENTA CORRIENTE","2010208","account.data_account_type_payable","py_ctrm_account_basic.py_chart_template_basic","","True"
"2010209","APERTURA CARTA DE CREDITO","2010209","account.data_account_type_payable","py_ctrm_account_basic.py_chart_template_basic","","True"
"20103","OTRAS CUENTAS POR PAGAR","20103","account.data_account_type_payable","py_ctrm_account_basic.py_chart_template_basic","","True"
"2010301","DEUDAS FISCALES CORRIENTES","2010301","account.data_account_type_payable","py_ctrm_account_basic.py_chart_template_basic","","True"
"201030101","IMPUESTO A LA RENTA A PAGAR","201030101","account.data_account_type_payable","py_ctrm_account_basic.py_chart_template_basic","","True"
"201030102","IVA A PAGAR","201030102","account.data_account_type_current_assets","py_ctrm_account_basic.py_chart_template_basic","","False"
"201030103","RETENCIONES IVA A PAGAR","201030103","account.data_account_type_payable","py_ctrm_account_basic.py_chart_template_basic","","True"
"201030104","RETENCIÓN DE RENTA A PAGAR","201030104","account.data_account_type_payable","py_ctrm_account_basic.py_chart_template_basic","","True"
"201030105","IMPUESTO AL DIVIDENDO A PAGAR","201030105","account.data_account_type_payable","py_ctrm_account_basic.py_chart_template_basic","","True"
"201030201","IPS APORTES Y RETENCIONES A PAGAR","201030201","account.data_account_type_payable","py_ctrm_account_basic.py_chart_template_basic","","True"
"201030202","SUELDOS Y JORNALES A PAGAR","201030202","account.data_account_type_payable","py_ctrm_account_basic.py_chart_template_basic","","True"
"201030203","AGUINALDOS A PAGAR","201030203","account.data_account_type_payable","py_ctrm_account_basic.py_chart_template_basic","","True"
"2010303","DIVIDENDOS A PAGAR","2010303","account.data_account_type_payable","py_ctrm_account_basic.py_chart_template_basic","","True"
"2010304","PASIVOS FIDUCIARIOS","2010304","account.data_account_type_payable","py_ctrm_account_basic.py_chart_template_basic","","True"
"20104","PROVISIONES","20104","account.data_account_type_current_liabilities","py_ctrm_account_basic.py_chart_template_basic","","False"
"2010401","OBLIGACIONES POR GARANTÍAS OTORGADAS","2010401","account.data_account_type_current_liabilities","py_ctrm_account_basic.py_chart_template_basic","","False"
"2010402","OBLIGACIONES LEGALES POR LITIGIOS","2010402","account.data_account_type_current_liabilities","py_ctrm_account_basic.py_chart_template_basic","","False"
"2010403","PROVISIÓN PARA BENEFICIOS A EMPLEADOS","2010403","account.data_account_type_current_liabilities","py_ctrm_account_basic.py_chart_template_basic","","False"
"2010404","RESPONSABILIDADES PENDIENTES","2010404","account.data_account_type_current_liabilities","py_ctrm_account_basic.py_chart_template_basic","","False"
"20105","INGRESOS DIFERIDOS","20105","account.data_account_type_current_liabilities","py_ctrm_account_basic.py_chart_template_basic","","False"
"2010501","ANTICIPOS DE CLIENTES","2010501","account.data_account_type_current_liabilities","py_ctrm_account_basic.py_chart_template_basic","","False"
"2010502","SUBVENCIONES","2010502","account.data_account_type_current_liabilities","py_ctrm_account_basic.py_chart_template_basic","","False"
"2010503","DERECHOS DE FIDELIZACIÓN DE CLIENTES","2010503","account.data_account_type_current_liabilities","py_ctrm_account_basic.py_chart_template_basic","","False"
"2010504","ALQUILERES COBRADOS POR ADELANTADO","2010504","account.data_account_type_current_liabilities","py_ctrm_account_basic.py_chart_template_basic","","False"
"202","PASIVO  NO CORRIENTE","202","account.data_account_type_non_current_assets","py_ctrm_account_basic.py_chart_template_basic","","False"
"20201","ACREEDORES COMERCIALES A LARGO PLAZO","20201","account.data_account_type_non_current_assets","py_ctrm_account_basic.py_chart_template_basic","","False"
"2020101","PROVEEDORES LOCALES - LARGO PLAZO","2020101","account.data_account_type_non_current_assets","py_ctrm_account_basic.py_chart_template_basic","","False"
"2020102","PROVEEDORES DEL EXTERIOR - LARGO PLAZO","2020102","account.data_account_type_non_current_assets","py_ctrm_account_basic.py_chart_template_basic","","False"
"2020103","INTERESES A PAGAR A PROVEEDORES - LARGO PLAZO","2020103","account.data_account_type_non_current_assets","py_ctrm_account_basic.py_chart_template_basic","","False"
"2020104","OTROS ACREEDORES - LARGO PLAZO","2020104","account.data_account_type_non_current_assets","py_ctrm_account_basic.py_chart_template_basic","","False"
"2020201","PRÉSTAMOS DE BANCOS Y OTRAS ENTIDADES FINANCIERAS - LARGO PLAZO","2020201","account.data_account_type_non_current_assets","py_ctrm_account_basic.py_chart_template_basic","","False"
"2020202","PRÉSTAMOS DEL DUEÑO, SOCIOS O  ENTIDADES VINCULADAS - LARGO PLAZO","2020202","account.data_account_type_non_current_assets","py_ctrm_account_basic.py_chart_template_basic","","False"
"2020203","ARRENDAMIENTOS FINANCIEROS - LARGO PLAZO","2020203","account.data_account_type_non_current_assets","py_ctrm_account_basic.py_chart_template_basic","","False"
"2020204","OTROS PRÉSTAMOS - LARGO PLAZO","2020204","account.data_account_type_non_current_assets","py_ctrm_account_basic.py_chart_template_basic","","False"
"2020205","INTERESES A PAGAR - LARGO PLAZO","2020205","account.data_account_type_non_current_assets","py_ctrm_account_basic.py_chart_template_basic","","False"
"2020301","PASIVOS POR IMPUESTOS DIFERIDOS ","2020301","account.data_account_type_non_current_assets","py_ctrm_account_basic.py_chart_template_basic","","False"
"2020302","PASIVOS FIDUCIARIOS","2020302","account.data_account_type_non_current_assets","py_ctrm_account_basic.py_chart_template_basic","","False"
"2020401","OBLIGACIONES POR GARANTÍAS OTORGADAS","2020401","account.data_account_type_non_current_assets","py_ctrm_account_basic.py_chart_template_basic","","False"
"2020402","OBLIGACIONES LEGALES POR LITIGIOS PENDIENTES","2020402","account.data_account_type_non_current_assets","py_ctrm_account_basic.py_chart_template_basic","","False"
"2020403","PROVISIONES PARA BENEFICIOS A EMPLEADOS","2020403","account.data_account_type_non_current_assets","py_ctrm_account_basic.py_chart_template_basic","","False"
"2020501","ANTICIPOS DE CLIENTES - LARGO PLAZO","2020501","account.data_account_type_non_current_assets","py_ctrm_account_basic.py_chart_template_basic","","False"
"2020502","SUBVENCIONES - LARGO PLAZO","2020502","account.data_account_type_non_current_assets","py_ctrm_account_basic.py_chart_template_basic","","False"
"2020503","DERECHO DE FIDELIZACIÓN DE CLIENTES - LARGO PLAZO","2020503","account.data_account_type_non_current_assets","py_ctrm_account_basic.py_chart_template_basic","","False"
"2020504","ALQUILERES COBRADOS POR ADELANTADO - LARGO PLAZO","2020504","account.data_account_type_non_current_assets","py_ctrm_account_basic.py_chart_template_basic","","False"
"3","PATRIMONIO NETO","3","account.data_account_type_equity","py_ctrm_account_basic.py_chart_template_basic","","False"
"301","CAPITAL","301","account.data_account_type_equity","py_ctrm_account_basic.py_chart_template_basic","","False"
"30101","CAPITAL INTEGRADO","30101","account.data_account_type_equity","py_ctrm_account_basic.py_chart_template_basic","","False"
"3010101","CAPITAL SUSCRIPTO","3010101","account.data_account_type_equity","py_ctrm_account_basic.py_chart_template_basic","","False"
"3010102","(-) CAPITAL A INTEGRAR","3010102","account.data_account_type_equity","py_ctrm_account_basic.py_chart_template_basic","","False"
"30102","ANTICIPO DE ACCIONISTAS","30102","account.data_account_type_equity","py_ctrm_account_basic.py_chart_template_basic","","False"
"302","RESERVAS","302","account.data_account_type_equity","py_ctrm_account_basic.py_chart_template_basic","","False"
"30201","RESERVA LEGAL","30201","account.data_account_type_equity","py_ctrm_account_basic.py_chart_template_basic","","False"
"30202","RESERVA DE REVALÚO","30202","account.data_account_type_equity","py_ctrm_account_basic.py_chart_template_basic","","False"
"3020201","RESERVA DE REVALÚO FISCAL","3020201","account.data_account_type_equity","py_ctrm_account_basic.py_chart_template_basic","","False"
"3020202","RESERVA DE REVALÚO TÉCNICO","3020202","account.data_account_type_equity","py_ctrm_account_basic.py_chart_template_basic","","False"
"3020301","RESERVA ESPECIAL","3020301","account.data_account_type_equity","py_ctrm_account_basic.py_chart_template_basic","","False"
"303","RESULTADOS","303","account.data_account_type_equity","py_ctrm_account_basic.py_chart_template_basic","","False"
"30301","RESULTADOS ACUMULADOS","30301","account.data_account_type_equity","py_ctrm_account_basic.py_chart_template_basic","","False"
"30302","RESULTADO DEL EJERCICIO","30302","account.data_account_type_equity","py_ctrm_account_basic.py_chart_template_basic","","False"
"30303","RESULTADO DEL EJERCICIO ANTERIOR","30303","account.data_account_type_equity","py_ctrm_account_basic.py_chart_template_basic","","False"
"4","INGRESOS OPERATIVOS","4","account.data_account_type_revenue","py_ctrm_account_basic.py_chart_template_basic","","False"
"401","VENTAS DE MERCADERÍAS","401","account.data_account_type_revenue","py_ctrm_account_basic.py_chart_template_basic","","False"
"4010101","VENTAS-LINEA DE PRODUCTO 1","4010101","account.data_account_type_revenue","py_ctrm_account_basic.py_chart_template_basic","","False"
"4010102","VENTAS-LINEA DE PRODUCTO 2","4010102","account.data_account_type_revenue","py_ctrm_account_basic.py_chart_template_basic","","False"
"40102","VENTAS DE MERCADERÍAS EXENTAS DEL IVA","40102","account.data_account_type_revenue","py_ctrm_account_basic.py_chart_template_basic","","False"
"40201","VENTAS DE SOJA Y SUS DERIVADOS ","40201","account.data_account_type_revenue","py_ctrm_account_basic.py_chart_template_basic","","False"
"40202","VENTAS DE MAÍZ","40202","account.data_account_type_revenue","py_ctrm_account_basic.py_chart_template_basic","","False"
"40203","VENTAS DE TRIGO","40203","account.data_account_type_revenue","py_ctrm_account_basic.py_chart_template_basic","","False"
"40204","OTROS PRODUCTOS AGRÍCOLAS","40204","account.data_account_type_revenue","py_ctrm_account_basic.py_chart_template_basic","","False"
"403","VENTAS DE GANADO","403","account.data_account_type_revenue","py_ctrm_account_basic.py_chart_template_basic","","False"
"404","VENTAS DE PRODUCTOS FRUTÍCOLAS Y HORTÍCOLAS","404","account.data_account_type_revenue","py_ctrm_account_basic.py_chart_template_basic","","False"
"405","VENTAS DE PRODUCTOS DE LA EXPLOTACIÓN FORESTAL","405","account.data_account_type_revenue","py_ctrm_account_basic.py_chart_template_basic","","False"
"406","EXPORTACIONES DE PRODUCTOS AGRÍCOLAS EXPORTADOS","406","account.data_account_type_revenue","py_ctrm_account_basic.py_chart_template_basic","","False"
"4060101","EXPORTACIONES A EMPRESAS VINCULADAS","4060101","account.data_account_type_revenue","py_ctrm_account_basic.py_chart_template_basic","","False"
"4060102","EXPORTACIONES A TERCEROS NO VINCULADOS","4060102","account.data_account_type_revenue","py_ctrm_account_basic.py_chart_template_basic","","False"
"40602","EXPORTACIONES DE OTROS PRODUCTOS AGRÍCOLAS","40602","account.data_account_type_revenue","py_ctrm_account_basic.py_chart_template_basic","","False"
"40701","EXPORTACIONES DE PRODUCTOS FARMACÉUTICOS","40701","account.data_account_type_revenue","py_ctrm_account_basic.py_chart_template_basic","","False"
"40702","EXPORTACIONES DE MAQUINARIAS Y EQUIPOS","40702","account.data_account_type_revenue","py_ctrm_account_basic.py_chart_template_basic","","False"
"40703","EXPORTACIONES DE OTROS PRODUCTOS INDUSTRIALIZADOS","40703","account.data_account_type_revenue","py_ctrm_account_basic.py_chart_template_basic","","False"
"408","EXPORTACIONES DE OTROS PRODUCTOS","408","account.data_account_type_revenue","py_ctrm_account_basic.py_chart_template_basic","","False"
"409","VENTAS DE SERVICIOS GRAVADOS","409","account.data_account_type_revenue","py_ctrm_account_basic.py_chart_template_basic","","False"
"40901","VENTAS SERVICIOS DE TALLER","40901","account.data_account_type_revenue","py_ctrm_account_basic.py_chart_template_basic","","False"
"40902","VENTAS SERVICIOS DE TERCEROS","40902","account.data_account_type_revenue","py_ctrm_account_basic.py_chart_template_basic","","False"
"40903","VENTAS DE ALQUILERES","40903","account.data_account_type_revenue","py_ctrm_account_basic.py_chart_template_basic","","False"
"410","VENTAS DE BIENES - REGÍMENES ESPECIALES","410","account.data_account_type_revenue","py_ctrm_account_basic.py_chart_template_basic","","False"
"4100101","VENTAS A EXTRANJEROS","4100101","account.data_account_type_revenue","py_ctrm_account_basic.py_chart_template_basic","","False"
"4100102","VENTAS A DISTRIBUIDORES LOCALES","4100102","account.data_account_type_revenue","py_ctrm_account_basic.py_chart_template_basic","","False"
"4100103","VENTAS A CLIENTES LOCALES","4100103","account.data_account_type_revenue","py_ctrm_account_basic.py_chart_template_basic","","False"
"41002","VENTAS DE MERCADERÍAS - ZONA FRANCA","41002","account.data_account_type_revenue","py_ctrm_account_basic.py_chart_template_basic","","False"
"41003","VENTAS POR RÉGIMEN DE MAQUILA ","41003","account.data_account_type_revenue","py_ctrm_account_basic.py_chart_template_basic","","False"
"41004","VENTAS BAJO OTROS REGÍMENES ESPECIALES","41004","account.data_account_type_revenue","py_ctrm_account_basic.py_chart_template_basic","","False"
"41101","INDEMNIZACIONES POR SINIESTROS DE SEGUROS","41101","account.data_account_type_revenue","py_ctrm_account_basic.py_chart_template_basic","","False"
"49801","DESCUENTOS LINEA DE PRODUCTO 1","49801","account.data_account_type_revenue","py_ctrm_account_basic.py_chart_template_basic","","False"
"49802","DESCUENTOS LINEA DE PRODUCTO 2","49802","account.data_account_type_revenue","py_ctrm_account_basic.py_chart_template_basic","","False"
"49803","DESCUENTOS LINEA DE PRODUCTO 3","49803","account.data_account_type_revenue","py_ctrm_account_basic.py_chart_template_basic","","False"
"49901","DEVOLUCIONES LINEA DE PRODUCTO 1","49901","account.data_account_type_revenue","py_ctrm_account_basic.py_chart_template_basic","","False"
"49902","DEVOLUCIONES LINEA DE PRODUCTO 2","49902","account.data_account_type_revenue","py_ctrm_account_basic.py_chart_template_basic","","False"
"49903","DEVOLUCIONES LINEA DE PRODUCTO 3","49903","account.data_account_type_revenue","py_ctrm_account_basic.py_chart_template_basic","","False"
"5","COSTOS OPERATIVOS","5","account.data_account_type_direct_costs","py_ctrm_account_basic.py_chart_template_basic","","False"
"501","COSTO DE MERCADERIAS","501","account.data_account_type_direct_costs","py_ctrm_account_basic.py_chart_template_basic","","False"
"50101","COSTO DE MERCADERÍAS GRAVADAS POR EL IVA","50101","account.data_account_type_direct_costs","py_ctrm_account_basic.py_chart_template_basic","","False"
"5010101","COSTO-LINEA DE PRODUCTO 1","5010101","account.data_account_type_direct_costs","py_ctrm_account_basic.py_chart_template_basic","","False"
"5010102","COSTO-LINEA DE PRODUCTO 2","5010102","account.data_account_type_direct_costs","py_ctrm_account_basic.py_chart_template_basic","","False"
"5010103","COSTO-LINEA DE PRODUCTO 3","5010103","account.data_account_type_direct_costs","py_ctrm_account_basic.py_chart_template_basic","","False"
"50102","COSTO DE MERCADERÍAS EXENTAS DEL IVA ","50102","account.data_account_type_direct_costs","py_ctrm_account_basic.py_chart_template_basic","","False"
"50201","COSTO DE VENTAS DE SOJA Y SUS DERIVADOS","50201","account.data_account_type_direct_costs","py_ctrm_account_basic.py_chart_template_basic","","False"
"50202","COSTO DE VENTAS DE MAÍZ","50202","account.data_account_type_direct_costs","py_ctrm_account_basic.py_chart_template_basic","","False"
"50203","COSTO DE VENTAS DE TRIGO","50203","account.data_account_type_direct_costs","py_ctrm_account_basic.py_chart_template_basic","","False"
"50204","COSTO DE VENTAS DE OTROS PRODUCTOS AGRÍCOLAS ","50204","account.data_account_type_direct_costs","py_ctrm_account_basic.py_chart_template_basic","","False"
"503","COSTO DE VENTAS DE GANADO ","503","account.data_account_type_direct_costs","py_ctrm_account_basic.py_chart_template_basic","","False"
"504","COSTO DE VENTAS DE PRODUCTOS FRUTÍCOLAS Y HORTÍCOLAS","504","account.data_account_type_direct_costs","py_ctrm_account_basic.py_chart_template_basic","","False"
"505","COSTO DE VENTAS DE PRODUCTOS DE LA EXPLOTACIÓN FORESTAL","505","account.data_account_type_direct_costs","py_ctrm_account_basic.py_chart_template_basic","","False"
"506","COSTO DE PRODUCTOS AGRÍCOLAS EXPORTADOS ","506","account.data_account_type_direct_costs","py_ctrm_account_basic.py_chart_template_basic","","False"
"5060101","COSTO DE EXPORTACIONES A EMPRESAS VINCULADAS","5060101","account.data_account_type_direct_costs","py_ctrm_account_basic.py_chart_template_basic","","False"
"5060102","COSTO DE EXPORTACIONES A TERCEROS NO VINCULADOS","5060102","account.data_account_type_direct_costs","py_ctrm_account_basic.py_chart_template_basic","","False"
"50602","COSTO DE OTROS PRODUCTOS AGRÍCOLAS EXPORTADOS","50602","account.data_account_type_direct_costs","py_ctrm_account_basic.py_chart_template_basic","","False"
"50701","COSTO DE PRODUCTOS FARMACEÚTICOS EXPORTADOS","50701","account.data_account_type_direct_costs","py_ctrm_account_basic.py_chart_template_basic","","False"
"50702","COSTO DE MAQUINARIAS Y EQUIPOS EXPORTADOS","50702","account.data_account_type_direct_costs","py_ctrm_account_basic.py_chart_template_basic","","False"
"50703","COSTO DE OTROS PRODUCTOS INDUSTRIALIZADOS EXPORTADOS","50703","account.data_account_type_direct_costs","py_ctrm_account_basic.py_chart_template_basic","","False"
"508","COSTO DE OTROS PRODUCTOS EXPORTADOS","508","account.data_account_type_direct_costs","py_ctrm_account_basic.py_chart_template_basic","","False"
"509","COSTO DE SERVICIOS GRAVADOS","509","account.data_account_type_direct_costs","py_ctrm_account_basic.py_chart_template_basic","","False"
"510","COSTO DE VENTAS DE BIENES - REGÍMENES ESPECIALES","510","account.data_account_type_direct_costs","py_ctrm_account_basic.py_chart_template_basic","","False"
"5100101","COSTO DE VENTAS A EXTRANJEROS","5100101","account.data_account_type_direct_costs","py_ctrm_account_basic.py_chart_template_basic","","False"
"5100102","COSTO DE VENTAS A DISTRIBUIDORES LOCALES","5100102","account.data_account_type_direct_costs","py_ctrm_account_basic.py_chart_template_basic","","False"
"5100103","COSTO DE VENTAS A CLIENTES LOCALES","5100103","account.data_account_type_direct_costs","py_ctrm_account_basic.py_chart_template_basic","","False"
"51002","COSTO DE VENTAS DE MERCADERÍAS - ZONA FRANCA","51002","account.data_account_type_direct_costs","py_ctrm_account_basic.py_chart_template_basic","","False"
"51003","COSTO DE VENTAS POR RÉGIMEN DE MAQUILA","51003","account.data_account_type_direct_costs","py_ctrm_account_basic.py_chart_template_basic","","False"
"51004","COSTO DE VENTAS BAJO OTROS REGÍMENES ESPECIALES","51004","account.data_account_type_direct_costs","py_ctrm_account_basic.py_chart_template_basic","","False"
"511","COSTO DE VENTAS EXENTAS DEL IVA","511","account.data_account_type_direct_costs","py_ctrm_account_basic.py_chart_template_basic","","False"
"70101","INGRESOS POR PRODUCCIÓN Y/O TENENCIA DE BIENES DEL SECTOR AGRÍCOLA","70101","account.data_account_type_revenue","py_ctrm_account_basic.py_chart_template_basic","","False"
"70102","INGRESOS POR PRODUCCIÓN Y/O TENENCIA DE GANADO","70102","account.data_account_type_revenue","py_ctrm_account_basic.py_chart_template_basic","","False"
"70103","INGRESOS POR PRODUCCIÓN Y/O TENENCIA DE BIENES DE LA ACTIVIDAD FORESTAL","70103","account.data_account_type_revenue","py_ctrm_account_basic.py_chart_template_basic","","False"
"70201","(-) COSTO DE PRODUCCIÓN Y/O TENENCIA DE BIENES DEL SECTOR AGRÍCOLA","70201","account.data_account_type_direct_costs","py_ctrm_account_basic.py_chart_template_basic","","False"
"70202","(-) COSTO DE PRODUCCIÓN Y/O TENENCIA DE GANADO","70202","account.data_account_type_direct_costs","py_ctrm_account_basic.py_chart_template_basic","","False"
"70203","(-) COSTO DE PRODUCCIÓN Y/O TENENCIA DE BIENES DE LA ACTIVIDAD FORESTAL","70203","account.data_account_type_direct_costs","py_ctrm_account_basic.py_chart_template_basic","","False"
"70204","(-) MERMAS Y MORTANDAD","70204","account.data_account_type_direct_costs","py_ctrm_account_basic.py_chart_template_basic","","False"
"8","OTROS INGRESOS","8","account.data_account_type_revenue","py_ctrm_account_basic.py_chart_template_basic","","False"
"801","INTERESES GANADOS","801","account.data_account_type_revenue","py_ctrm_account_basic.py_chart_template_basic","","False"
"802","COMISIONES COBRADAS","802","account.data_account_type_revenue","py_ctrm_account_basic.py_chart_template_basic","","False"
"803","DESCUENTOS OBTENIDOS","803","account.data_account_type_revenue","py_ctrm_account_basic.py_chart_template_basic","","False"
"804","SUBVENCIONES ","804","account.data_account_type_revenue","py_ctrm_account_basic.py_chart_template_basic","","False"
"805","RESULTADO POR DIFERENCIA DE CAMBIO","805","account.data_account_type_revenue","py_ctrm_account_basic.py_chart_template_basic","","False"
"9","GANANCIAS (O PÉRDIDAS) BRUTAS TOTALES","09","account.data_unaffected_earnings","py_ctrm_account_basic.py_chart_template_basic","","False"
"10","GASTOS DE VENTAS O COMERCIALIZACIÓN","10","account.data_account_type_expenses","py_ctrm_account_basic.py_chart_template_basic","","False"
"1001","SUELDOS Y OTRAS REMUNERACIONES AL PERSONAL","1001","account.data_account_type_expenses","py_ctrm_account_basic.py_chart_template_basic","","False"
"100101","SUELDOS Y JORNALES - VENTAS","100101","account.data_account_type_expenses","py_ctrm_account_basic.py_chart_template_basic","","False"
"100102","APORTE PATRONAL - VENTAS","100102","account.data_account_type_expenses","py_ctrm_account_basic.py_chart_template_basic","","False"
"100103","OTROS BENEFICIOS AL PERSONAL - VENTAS","100103","account.data_account_type_expenses","py_ctrm_account_basic.py_chart_template_basic","","False"
"100104","VACACIONES - VENTAS","100104","account.data_account_type_expenses","py_ctrm_account_basic.py_chart_template_basic","","False"
"100105","AGUINALDO - VENTAS","100105","account.data_account_type_expenses","py_ctrm_account_basic.py_chart_template_basic","","False"
"100107","CAPACITACIÓN - VENTAS","100107","account.data_account_type_expenses","py_ctrm_account_basic.py_chart_template_basic","","False"
"100201","COMISIONES S/VENTA DE VEHICULOS","100201","account.data_account_type_expenses","py_ctrm_account_basic.py_chart_template_basic","","False"
"100202","COMISIONES S/VENTA DE SERV. Y REPS.","100202","account.data_account_type_expenses","py_ctrm_account_basic.py_chart_template_basic","","False"
"1003000000","VIÁTICOS A VENDEDORES","1003000000","account.data_account_type_expenses","py_ctrm_account_basic.py_chart_template_basic","","False"
"1004","MARKETING, PUBLICIDAD Y PROPAGANDA ","1004","account.data_account_type_expenses","py_ctrm_account_basic.py_chart_template_basic","","False"
"1005","FLETES PAGADOS - CORRESPONDENCIA, ENCOMIENDAS","1005","account.data_account_type_expenses","py_ctrm_account_basic.py_chart_template_basic","","False"
"1006","HONORARIOS PROFESIONALES - VENTAS","1006","account.data_account_type_expenses","py_ctrm_account_basic.py_chart_template_basic","","False"
"1007","ESCRITURACIÓN Y TRANSFERENCIA","1007","account.data_account_type_expenses","py_ctrm_account_basic.py_chart_template_basic","","False"
"1008","EVENTOS Y PROMOCIONES","1008","account.data_account_type_expenses","py_ctrm_account_basic.py_chart_template_basic","","False"
"1009","OBSEQUIOS RR.PP.","1009","account.data_account_type_expenses","py_ctrm_account_basic.py_chart_template_basic","","False"
"1010","MANTENIMIENTO DE RODADOS","1010","account.data_account_type_expenses","py_ctrm_account_basic.py_chart_template_basic","","False"
"1011","CREDITOS INCOBRABLES","1011","account.data_account_type_expenses","py_ctrm_account_basic.py_chart_template_basic","","False"
"1012","GASTOS VARIOS LICITACIONES","1012","account.data_account_type_expenses","py_ctrm_account_basic.py_chart_template_basic","","False"
"1013","GASTOS DE EXPLOTACIÓN - USO TALLER","1013","account.data_account_type_expenses","py_ctrm_account_basic.py_chart_template_basic","","False"
"1014","GASTOS DE PREENTREGA DE VEHICULOS","1014","account.data_account_type_expenses","py_ctrm_account_basic.py_chart_template_basic","","False"
"1015","GASTOS DE GARANTIAS ACE","1015","account.data_account_type_expenses","py_ctrm_account_basic.py_chart_template_basic","","False"
"1016","GASTOS DE GARANTIAS LR","1016","account.data_account_type_expenses","py_ctrm_account_basic.py_chart_template_basic","","False"
"1017","GASTOS POR RECLAMOS","1017","account.data_account_type_expenses","py_ctrm_account_basic.py_chart_template_basic","","False"
"1018","GASTOS SIN COSTO PARA EL CLIENTE","1018","account.data_account_type_expenses","py_ctrm_account_basic.py_chart_template_basic","","False"
"1019","GASTOS POR OBSEQUIOS","1019","account.data_account_type_expenses","py_ctrm_account_basic.py_chart_template_basic","","False"
"1020","GASTOS DE FLOTA","1020","account.data_account_type_expenses","py_ctrm_account_basic.py_chart_template_basic","","False"
"1099","OTROS GASTOS DE VENTAS Y COMERCIALIZACIÓN","1099","account.data_account_type_expenses","py_ctrm_account_basic.py_chart_template_basic","","False"
"11","GASTOS DE ADMINISTRACIÓN","11","account.data_account_type_expenses","py_ctrm_account_basic.py_chart_template_basic","","False"
"1101","SUELDOS Y OTRAS REMUNERACIONES AL PERSONAL","1101","account.data_account_type_expenses","py_ctrm_account_basic.py_chart_template_basic","","False"
"110101","SUELDOS Y JORNALES - ADMINISTRATIVOS","110101","account.data_account_type_expenses","py_ctrm_account_basic.py_chart_template_basic","","False"
"110102","APORTE PATRONAL - ADMINISTRATIVOS","110102","account.data_account_type_expenses","py_ctrm_account_basic.py_chart_template_basic","","False"
"110103","OTROS BENEFICIOS AL PERSONAL - ADMINISTRATIVOS","110103","account.data_account_type_expenses","py_ctrm_account_basic.py_chart_template_basic","","False"
"110104","VACACIONES - ADMINISTRATIVOS","110104","account.data_account_type_expenses","py_ctrm_account_basic.py_chart_template_basic","","False"
"110105","AGUINALDO - ADMINISTRATIVOS","110105","account.data_account_type_expenses","py_ctrm_account_basic.py_chart_template_basic","","False"
"110106","CAPACITACIÓN - ADMINISTRATIVOS","110106","account.data_account_type_expenses","py_ctrm_account_basic.py_chart_template_basic","","False"
"1102","REMUNERACIÓN PERSONAL SUPERIOR ","1102","account.data_account_type_expenses","py_ctrm_account_basic.py_chart_template_basic","","False"
"1103","GASTOS DE REPRESENTACIÓN","1103","account.data_account_type_expenses","py_ctrm_account_basic.py_chart_template_basic","","False"
"1104","HONORARIOS PROFESIONALES - ADMINISTRATIVOS","1104","account.data_account_type_expenses","py_ctrm_account_basic.py_chart_template_basic","","False"
"1105","ALQUILERES PAGADOS","1105","account.data_account_type_expenses","py_ctrm_account_basic.py_chart_template_basic","","False"
"1106","AGUA, LUZ, TELÉFONO E INTERNET ","1106","account.data_account_type_expenses","py_ctrm_account_basic.py_chart_template_basic","","False"
"1107","MOVILIDAD Y TRANSPORTE","1107","account.data_account_type_expenses","py_ctrm_account_basic.py_chart_template_basic","","False"
"1108","COMBUSTIBLES Y LUBRICANTES","1108","account.data_account_type_expenses","py_ctrm_account_basic.py_chart_template_basic","","False"
"1109","REPARACIONES Y MANTENIMIENTOS MAQ.Y EQ.INFORMATICA","1109","account.data_account_type_expenses","py_ctrm_account_basic.py_chart_template_basic","","False"
"1110","SEGUROS PAGADOS","1110","account.data_account_type_expenses","py_ctrm_account_basic.py_chart_template_basic","","False"
"1111","ÚTILES E IMPRESOS DE OFICINA","1111","account.data_account_type_expenses","py_ctrm_account_basic.py_chart_template_basic","","False"
"1112","GASTOS PAGADOS EN EL EXTERIOR ","1112","account.data_account_type_expenses","py_ctrm_account_basic.py_chart_template_basic","","False"
"1113","JUICIOS Y GASTOS JUDICIALES ","1113","account.data_account_type_expenses","py_ctrm_account_basic.py_chart_template_basic","","False"
"1114","GASTOS DE COBRANZAS ","1114","account.data_account_type_expenses","py_ctrm_account_basic.py_chart_template_basic","","False"
"1115","DONACIONES Y CONTRIBUCIONES - CUOTAS SOCIALES","1115","account.data_account_type_expenses","py_ctrm_account_basic.py_chart_template_basic","","False"
"1116","COMISIONES Y GASTOS BANCARIOS OPERACIONALES","1116","account.data_account_type_expenses","py_ctrm_account_basic.py_chart_template_basic","","False"
"1117","IMPUESTOS, PATENTES, TASAS Y OTRAS CONTRIBUCIONES","1117","account.data_account_type_expenses","py_ctrm_account_basic.py_chart_template_basic","","False"
"1118","MULTAS Y SANCIONES","1118","account.data_account_type_expenses","py_ctrm_account_basic.py_chart_template_basic","","False"
"1119","VIAJES DEL PERSONAL","1119","account.data_account_type_expenses","py_ctrm_account_basic.py_chart_template_basic","","False"
"1301","INTERESES PAGADOS A ENTIDADES BANCARIAS Y FINANCIERAS","1301","account.data_account_type_expenses","py_ctrm_account_basic.py_chart_template_basic","","False"
"1302","OTROS INTERESES PAGADOS","1302","account.data_account_type_expenses","py_ctrm_account_basic.py_chart_template_basic","","False"
"1303","COMISIONES Y GASTOS BANCARIOS SOBRE OPERACIONES CREDITICIAS","1303","account.data_account_type_expenses","py_ctrm_account_basic.py_chart_template_basic","","False"
"1304","RESULTADO POR DIFERENCIA DE CAMBIO ","1304","account.data_account_type_expenses","py_ctrm_account_basic.py_chart_template_basic","","False"
"1401","DESAFECTACIÓN DE PREVISIONES ","1401","account.data_account_type_expenses","py_ctrm_account_basic.py_chart_template_basic","","False"
"1402","(-) CONSTITUCIÓN DE PREVISIONES ","1402","account.data_account_type_expenses","py_ctrm_account_basic.py_chart_template_basic","","False"
"1501","DEPRECIACIONES DEL EJERCICIO ","1501","account.data_account_type_expenses","py_ctrm_account_basic.py_chart_template_basic","","False"
"1502","AMORTIZACIONES DEL EJERCICIO","1502","account.data_account_type_expenses","py_ctrm_account_basic.py_chart_template_basic","","False"
"1701","UTILIDAD/PÉRDIDA EN VENTA DE ACTIVOS FIJOS","1701","account.data_account_type_revenue","py_ctrm_account_basic.py_chart_template_basic","","False"
"1702","UTILIDAD/PÉRDIDA EN VENTA DE INVERSIONES","1702","account.data_account_type_revenue","py_ctrm_account_basic.py_chart_template_basic","","False"
"1703","CUENTAS INCOBRABLES RECUPERADAS","1703","account.data_account_type_revenue","py_ctrm_account_basic.py_chart_template_basic","","False"
"1704","GASTOS PARTICULARES DEL DIRECTORIO","1704","account.data_account_type_expenses","py_ctrm_account_basic.py_chart_template_basic","","False"