"id","country_id:id","name","code"
state_py_1,base.py,"CAPITAL","1"
state_py_2,base.py,"CONCEPCION","2"
state_py_3,base.py,"SAN PEDRO","3"
state_py_4,base.py,"CORDILLERA","4"
state_py_5,base.py,"GUAIRA","5"
state_py_6,base.py,"CAAGUAZU","6"
state_py_7,base.py,"CAAZAPA","7"
state_py_8,base.py,"ITAPUA","8"
state_py_9,base.py,"MISIONES","9"
state_py_10,base.py,"PARAGUARI","10"
state_py_11,base.py,"ALTO PARANA","11"
state_py_12,base.py,"CENTRAL","12"
state_py_13,base.py,"NEEMBUCU","13"
state_py_14,base.py,"AMAMBAY","14"
state_py_15,base.py,"PTE. HAYES","15"
state_py_16,base.py,"BOQUERON","16"
state_py_17,base.py,"ALTO PARAGUAY","17"
state_py_18,base.py,"CANINDEYU","18"
