"id","code","name","state_id/id"
"distri_1","1","ASUNCION (DISTRITO)","py_ctrm_fcws.state_py_1"
"distri_2","2","CONCEPCION (MUNICIPIO)","py_ctrm_fcws.state_py_2"
"distri_3","3","SAN LAZARO","py_ctrm_fcws.state_py_2"
"distri_4","4","SAN CARLOS","py_ctrm_fcws.state_py_2"
"distri_5","5","BELEN","py_ctrm_fcws.state_py_2"
"distri_6","6","LORETO","py_ctrm_fcws.state_py_2"
"distri_7","7","HORQUETA","py_ctrm_fcws.state_py_2"
"distri_8","8","SAN SALVADOR","py_ctrm_fcws.state_py_2"
"distri_9","9","YBY YA'U","py_ctrm_fcws.state_py_2"
"distri_267","267","SAN CARLOS DEL APA","py_ctrm_fcws.state_py_2"
"distri_270","270","SARGENTO JOSE FELIX LOPEZ","py_ctrm_fcws.state_py_2"
"distri_280","280","PASO BARRETO (MUNICIPIO)","py_ctrm_fcws.state_py_2"
"distri_281","281","SAN ALFREDO (MUNICIPIO)","py_ctrm_fcws.state_py_2"
"distri_282","282","AZOTE¿Y (MUNICIPIO)","py_ctrm_fcws.state_py_2"
"distri_286","286","ARROYITO","py_ctrm_fcws.state_py_2"
"distri_10","10","SAN PEDRO DE YCUAMANDYYU","py_ctrm_fcws.state_py_3"
"distri_11","11","ANTEQUERA","py_ctrm_fcws.state_py_3"
"distri_12","12","GRAL. E.AQUINO","py_ctrm_fcws.state_py_3"
"distri_13","13","ITACURUBI DEL ROSARIO","py_ctrm_fcws.state_py_3"
"distri_14","14","SAN ESTANISLAO (SANTANI)","py_ctrm_fcws.state_py_3"
"distri_15","15","LIMA","py_ctrm_fcws.state_py_3"
"distri_16","16","NUEVA GERMANIA","py_ctrm_fcws.state_py_3"
"distri_17","17","TACUATI","py_ctrm_fcws.state_py_3"
"distri_18","18","UNION","py_ctrm_fcws.state_py_3"
"distri_19","19","25 DE DICIEMBRE","py_ctrm_fcws.state_py_3"
"distri_20","20","VILLA DEL ROSARIO","py_ctrm_fcws.state_py_3"
"distri_21","21","YATAITY DEL NORTE","py_ctrm_fcws.state_py_3"
"distri_22","22","ISIDORO RESQUIN","py_ctrm_fcws.state_py_3"
"distri_23","23","CHORE","py_ctrm_fcws.state_py_3"
"distri_24","24","SAN PABLO","py_ctrm_fcws.state_py_3"
"distri_25","25","SAN JOSE DEL ROSARIO","py_ctrm_fcws.state_py_3"
"distri_220","220","GUAYAIBI","py_ctrm_fcws.state_py_3"
"distri_226","226","CAPIIBARY","py_ctrm_fcws.state_py_3"
"distri_245","245","YRYBUCUA","py_ctrm_fcws.state_py_3"
"distri_263","263","SANTA ROSA DEL AGUARAY","py_ctrm_fcws.state_py_3"
"distri_268","268","LIBERACIÓN","py_ctrm_fcws.state_py_3"
"distri_285","285","SAN VICENTE PANCHOLO","py_ctrm_fcws.state_py_3"
"distri_26","26","CAACUPE","py_ctrm_fcws.state_py_4"
"distri_27","27","ALTOS","py_ctrm_fcws.state_py_4"
"distri_28","28","ARROYOS Y ESTEROS","py_ctrm_fcws.state_py_4"
"distri_29","29","ATYRA","py_ctrm_fcws.state_py_4"
"distri_30","30","CARAGUATAY","py_ctrm_fcws.state_py_4"
"distri_31","31","EMBOSCADA","py_ctrm_fcws.state_py_4"
"distri_32","32","EUSEBIO AYALA","py_ctrm_fcws.state_py_4"
"distri_33","33","ISLA PUCU","py_ctrm_fcws.state_py_4"
"distri_34","34","ITACURUBI DE LA CORDILLERA","py_ctrm_fcws.state_py_4"
"distri_35","35","JUAN DE MENA","py_ctrm_fcws.state_py_4"
"distri_36","36","NUEVA COLOMBIA","py_ctrm_fcws.state_py_4"
"distri_37","37","PIRIBEBUY","py_ctrm_fcws.state_py_4"
"distri_38","38","1RO.DE MARZO","py_ctrm_fcws.state_py_4"
"distri_39","39","SAN BERNARDINO","py_ctrm_fcws.state_py_4"
"distri_40","40","SANTA ELENA","py_ctrm_fcws.state_py_4"
"distri_41","41","TOBATI","py_ctrm_fcws.state_py_4"
"distri_42","42","VALENZUELA","py_ctrm_fcws.state_py_4"
"distri_43","43","LOMA GRANDE","py_ctrm_fcws.state_py_4"
"distri_44","44","SAN JOSE OBRERO","py_ctrm_fcws.state_py_4"
"distri_214","214","MBOCAYATY DEL YHAGUY","py_ctrm_fcws.state_py_4"
"distri_45","45","VILLARRICA","py_ctrm_fcws.state_py_5"
"distri_46","46","SAN SALVADOR","py_ctrm_fcws.state_py_5"
"distri_47","47","BORJA","py_ctrm_fcws.state_py_5"
"distri_48","48","INDEPENDENCIA (R.D.MELGAREJO)","py_ctrm_fcws.state_py_5"
"distri_49","49","GRAL.EUGENIO A. GARAY","py_ctrm_fcws.state_py_5"
"distri_50","50","CNEL. MARTINEZ","py_ctrm_fcws.state_py_5"
"distri_51","51","JOSE FASSARDI","py_ctrm_fcws.state_py_5"
"distri_52","52","FELIX PEREZ CARDOZO","py_ctrm_fcws.state_py_5"
"distri_53","53","MAURICIO JOSE TROCHE","py_ctrm_fcws.state_py_5"
"distri_54","54","ITAPE","py_ctrm_fcws.state_py_5"
"distri_55","55","ITURBE","py_ctrm_fcws.state_py_5"
"distri_56","56","MBOCAYATY","py_ctrm_fcws.state_py_5"
"distri_57","57","NATALICIO TALAVERA","py_ctrm_fcws.state_py_5"
"distri_58","58","ÑUMI","py_ctrm_fcws.state_py_5"
"distri_59","59","YATAITY","py_ctrm_fcws.state_py_5"
"distri_60","60","DR. BOTREL","py_ctrm_fcws.state_py_5"
"distri_225","225","PASO YOBAY","py_ctrm_fcws.state_py_5"
"distri_246","246","SIN EQUIVALENCIA","py_ctrm_fcws.state_py_5"
"distri_265","265","TEBICUARY","py_ctrm_fcws.state_py_5"
"distri_61","61","CNEL. OVIEDO","py_ctrm_fcws.state_py_6"
"distri_62","62","CAAGUAZU","py_ctrm_fcws.state_py_6"
"distri_63","63","CARAYAO","py_ctrm_fcws.state_py_6"
"distri_64","64","CECILIO BAEZ","py_ctrm_fcws.state_py_6"
"distri_65","65","NUEVA LONDRES","py_ctrm_fcws.state_py_6"
"distri_66","66","SAN JOAQUIN","py_ctrm_fcws.state_py_6"
"distri_67","67","SAN JOSE DE LOS ARROYOS","py_ctrm_fcws.state_py_6"
"distri_68","68","YHU","py_ctrm_fcws.state_py_6"
"distri_69","69","JUAN MANUEL FRUTOS","py_ctrm_fcws.state_py_6"
"distri_70","70","REPATRIACION","py_ctrm_fcws.state_py_6"
"distri_71","71","SANTA ROSA DEL MBUTUY","py_ctrm_fcws.state_py_6"
"distri_72","72","J. EULOGIO ESTIGARRIBIA","py_ctrm_fcws.state_py_6"
"distri_73","73","JOSE D. OCAMPOS","py_ctrm_fcws.state_py_6"
"distri_74","74","R.I.3 CORRALES","py_ctrm_fcws.state_py_6"
"distri_75","75","RAUL A. OVIEDO","py_ctrm_fcws.state_py_6"
"distri_76","76","MCAL.F.SOLANO LOPEZ","py_ctrm_fcws.state_py_6"
"distri_227","227","3 DE FEBRERO","py_ctrm_fcws.state_py_6"
"distri_228","228","SIMON BOLIVAR","py_ctrm_fcws.state_py_6"
"distri_229","229","LA PASTORA","py_ctrm_fcws.state_py_6"
"distri_237","237","VAQUERIA","py_ctrm_fcws.state_py_6"
"distri_244","244","ESCULIES","py_ctrm_fcws.state_py_6"
"distri_275","275","TEMBIAPORA","py_ctrm_fcws.state_py_6"
"distri_276","276","NUEVA TOLEDO","py_ctrm_fcws.state_py_6"
"distri_77","77","CAAZAPA","py_ctrm_fcws.state_py_7"
"distri_78","78","BUENA VISTA","py_ctrm_fcws.state_py_7"
"distri_79","79","GRAL. H. MORINIGO","py_ctrm_fcws.state_py_7"
"distri_80","80","MACIEL","py_ctrm_fcws.state_py_7"
"distri_81","81","MOISES BERTONI","py_ctrm_fcws.state_py_7"
"distri_82","82","SAN JUAN NEPOMUCENO","py_ctrm_fcws.state_py_7"
"distri_83","83","ABAI","py_ctrm_fcws.state_py_7"
"distri_84","84","TAVAI","py_ctrm_fcws.state_py_7"
"distri_85","85","YEGROS","py_ctrm_fcws.state_py_7"
"distri_86","86","YUTY","py_ctrm_fcws.state_py_7"
"distri_272","272","3 DE MAYO","py_ctrm_fcws.state_py_7"
"distri_87","87","ENCARNACION","py_ctrm_fcws.state_py_8"
"distri_88","88","BELLA VISTA","py_ctrm_fcws.state_py_8"
"distri_89","89","CAMBYRETA","py_ctrm_fcws.state_py_8"
"distri_90","90","CAPITAN MEZA","py_ctrm_fcws.state_py_8"
"distri_91","91","CARMEN DEL PARANA","py_ctrm_fcws.state_py_8"
"distri_92","92","CAPITAN MIRANDA","py_ctrm_fcws.state_py_8"
"distri_93","93","CORONEL BOGADO","py_ctrm_fcws.state_py_8"
"distri_94","94","FRAM","py_ctrm_fcws.state_py_8"
"distri_95","95","GRAL. ARTIGAS","py_ctrm_fcws.state_py_8"
"distri_96","96","GRAL. DELGADO","py_ctrm_fcws.state_py_8"
"distri_97","97","HOHENAU","py_ctrm_fcws.state_py_8"
"distri_98","98","JESUS","py_ctrm_fcws.state_py_8"
"distri_99","99","OBLIGADO","py_ctrm_fcws.state_py_8"
"distri_100","100","SAN COSME Y DAMIAN","py_ctrm_fcws.state_py_8"
"distri_101","101","SAN PEDRO DEL PARANA","py_ctrm_fcws.state_py_8"
"distri_102","102","NUEVA ALBORADA","py_ctrm_fcws.state_py_8"
"distri_103","103","TRINIDAD","py_ctrm_fcws.state_py_8"
"distri_104","104","NATALIO","py_ctrm_fcws.state_py_8"
"distri_105","105","JOSE LEANDRO OVIEDO","py_ctrm_fcws.state_py_8"
"distri_106","106","SAN RAFAEL DEL PARANA","py_ctrm_fcws.state_py_8"
"distri_107","107","CARLOS A. LOPEZ","py_ctrm_fcws.state_py_8"
"distri_108","108","JULIO D. OTAÑO","py_ctrm_fcws.state_py_8"
"distri_109","109","EDELIRA","py_ctrm_fcws.state_py_8"
"distri_110","110","SAN JUAN DEL PARANA","py_ctrm_fcws.state_py_8"
"distri_111","111","LA PAZ","py_ctrm_fcws.state_py_8"
"distri_112","112","TOMAS R. PEREIRA","py_ctrm_fcws.state_py_8"
"distri_113","113","YATYTAY","py_ctrm_fcws.state_py_8"
"distri_114","114","HERIBERTA S.DE IGLESIAS","py_ctrm_fcws.state_py_8"
"distri_221","221","PIRAPO","py_ctrm_fcws.state_py_8"
"distri_232","232","ITAPUA POTY","py_ctrm_fcws.state_py_8"
"distri_243","243","FEDERICO CHAVEZ","py_ctrm_fcws.state_py_8"
"distri_262","262","ALTO VERA","py_ctrm_fcws.state_py_8"
"distri_115","115","SAN JUAN BAUTISTA","py_ctrm_fcws.state_py_9"
"distri_116","116","AYOLAS","py_ctrm_fcws.state_py_9"
"distri_117","117","SAN IGNACIO","py_ctrm_fcws.state_py_9"
"distri_118","118","SAN MIGUEL","py_ctrm_fcws.state_py_9"
"distri_119","119","SAN PATRICIO","py_ctrm_fcws.state_py_9"
"distri_120","120","SANTIAGO","py_ctrm_fcws.state_py_9"
"distri_121","121","SANTA MARIA","py_ctrm_fcws.state_py_9"
"distri_122","122","SANTA ROSA","py_ctrm_fcws.state_py_9"
"distri_123","123","VILLA FLORIDA","py_ctrm_fcws.state_py_9"
"distri_124","124","YABEBYRY","py_ctrm_fcws.state_py_9"
"distri_125","125","PARAGUARI","py_ctrm_fcws.state_py_10"
"distri_126","126","ACAHAY","py_ctrm_fcws.state_py_10"
"distri_127","127","CAAPUCU","py_ctrm_fcws.state_py_10"
"distri_128","128","CABALLERO","py_ctrm_fcws.state_py_10"
"distri_129","129","CARAPEGUA","py_ctrm_fcws.state_py_10"
"distri_130","130","LA COLMENA","py_ctrm_fcws.state_py_10"
"distri_131","131","ESCOBAR","py_ctrm_fcws.state_py_10"
"distri_132","132","MBUYAPEY","py_ctrm_fcws.state_py_10"
"distri_133","133","PIRAYU","py_ctrm_fcws.state_py_10"
"distri_134","134","QUIINDY","py_ctrm_fcws.state_py_10"
"distri_135","135","ROQUE GONZALEZ","py_ctrm_fcws.state_py_10"
"distri_136","136","SAPUCAI","py_ctrm_fcws.state_py_10"
"distri_137","137","YBYCUI","py_ctrm_fcws.state_py_10"
"distri_138","138","QUYQUYHO","py_ctrm_fcws.state_py_10"
"distri_139","139","YBYTYMI","py_ctrm_fcws.state_py_10"
"distri_140","140","TEBICUARY MI","py_ctrm_fcws.state_py_10"
"distri_141","141","YAGUARON","py_ctrm_fcws.state_py_10"
"distri_142","142","HERNANDARIAS","py_ctrm_fcws.state_py_11"
"distri_143","143","DOMINGO MARTINEZ DE IRALA","py_ctrm_fcws.state_py_11"
"distri_144","144","ÑACUNDAY","py_ctrm_fcws.state_py_11"
"distri_145","145","CIUDAD DEL ESTE","py_ctrm_fcws.state_py_11"
"distri_146","146","JUAN LEON MALLORQUIN","py_ctrm_fcws.state_py_11"
"distri_147","147","ITAKYRY","py_ctrm_fcws.state_py_11"
"distri_148","148","JUAN E.O'LEARY","py_ctrm_fcws.state_py_11"
"distri_149","149","PRESIDENTE FRANCO","py_ctrm_fcws.state_py_11"
"distri_150","150","YGUAZU","py_ctrm_fcws.state_py_11"
"distri_151","151","SAN CRISTOBAL","py_ctrm_fcws.state_py_11"
"distri_209","209","SANTA RITA","py_ctrm_fcws.state_py_11"
"distri_210","210","MINGA GUAZU","py_ctrm_fcws.state_py_11"
"distri_211","211","LOS CEDRALES","py_ctrm_fcws.state_py_11"
"distri_212","212","SAN ALBERTO","py_ctrm_fcws.state_py_11"
"distri_213","213","MINGA PORA","py_ctrm_fcws.state_py_11"
"distri_215","215","NARANJAL","py_ctrm_fcws.state_py_11"
"distri_216","216","SANTA ROSA DEL MONDAY","py_ctrm_fcws.state_py_11"
"distri_217","217","IRUÑA","py_ctrm_fcws.state_py_11"
"distri_219","219","MBARACAYU","py_ctrm_fcws.state_py_11"
"distri_239","239","SANTA FE DEL PARANA","py_ctrm_fcws.state_py_11"
"distri_240","240","NUEVA ESPERANZA","py_ctrm_fcws.state_py_11"
"distri_269","269","TAVAPY","py_ctrm_fcws.state_py_11"
"distri_273","273","DR. RAUL PEÑA","py_ctrm_fcws.state_py_11"
"distri_152","152","AREGUA","py_ctrm_fcws.state_py_12"
"distri_153","153","CAPIATA","py_ctrm_fcws.state_py_12"
"distri_154","154","FERNANDO DE LA MORA","py_ctrm_fcws.state_py_12"
"distri_155","155","GUARAMBARE","py_ctrm_fcws.state_py_12"
"distri_156","156","ITA","py_ctrm_fcws.state_py_12"
"distri_157","157","ITAUGUA","py_ctrm_fcws.state_py_12"
"distri_158","158","LIMPIO","py_ctrm_fcws.state_py_12"
"distri_159","159","LUQUE","py_ctrm_fcws.state_py_12"
"distri_160","160","MARIANO ROQUE ALONSO","py_ctrm_fcws.state_py_12"
"distri_161","161","ÑEMBY","py_ctrm_fcws.state_py_12"
"distri_162","162","NUEVA ITALIA","py_ctrm_fcws.state_py_12"
"distri_163","163","SAN ANTONIO","py_ctrm_fcws.state_py_12"
"distri_164","164","SAN LORENZO","py_ctrm_fcws.state_py_12"
"distri_165","165","VILLA ELISA","py_ctrm_fcws.state_py_12"
"distri_166","166","VILLETA","py_ctrm_fcws.state_py_12"
"distri_167","167","YPACARAI","py_ctrm_fcws.state_py_12"
"distri_168","168","YPANE","py_ctrm_fcws.state_py_12"
"distri_169","169","LAMBARE","py_ctrm_fcws.state_py_12"
"distri_170","170","J.AUGUSTO SALDIVAR","py_ctrm_fcws.state_py_12"
"distri_277","277","LOMA PYTA","py_ctrm_fcws.state_py_12"
"distri_171","171","PILAR","py_ctrm_fcws.state_py_13"
"distri_172","172","ALBERDI","py_ctrm_fcws.state_py_13"
"distri_173","173","CERRITO","py_ctrm_fcws.state_py_13"
"distri_174","174","DESMOCHADOS","py_ctrm_fcws.state_py_13"
"distri_175","175","GUAZU CUA","py_ctrm_fcws.state_py_13"
"distri_176","176","HUMAITA","py_ctrm_fcws.state_py_13"
"distri_177","177","ISLA UMBU","py_ctrm_fcws.state_py_13"
"distri_178","178","LAURELES","py_ctrm_fcws.state_py_13"
"distri_179","179","PASO DE PATRIA","py_ctrm_fcws.state_py_13"
"distri_180","180","MAYOR J.D.MARTINEZ","py_ctrm_fcws.state_py_13"
"distri_181","181","SAN JUAN DE ÑEEMBUCU","py_ctrm_fcws.state_py_13"
"distri_182","182","TACUARAS","py_ctrm_fcws.state_py_13"
"distri_183","183","VILLA OLIVA","py_ctrm_fcws.state_py_13"
"distri_184","184","VILLALBIN","py_ctrm_fcws.state_py_13"
"distri_203","203","GRAL.JOSE EDUVIGIS DIAZ","py_ctrm_fcws.state_py_13"
"distri_205","205","VILLA FRANCA","py_ctrm_fcws.state_py_13"
"distri_230","230","VILLA FRANCA","py_ctrm_fcws.state_py_13"
"distri_231","231","VILLALBIN","py_ctrm_fcws.state_py_13"
"distri_185","185","PEDRO JUAN CABALLERO","py_ctrm_fcws.state_py_14"
"distri_186","186","BELLA VISTA","py_ctrm_fcws.state_py_14"
"distri_187","187","CAPITAN BADO","py_ctrm_fcws.state_py_14"
"distri_278","278","KARAPAI","py_ctrm_fcws.state_py_14"
"distri_279","279","ZANJA PYTA","py_ctrm_fcws.state_py_14"
"distri_188","188","VILLA HAYES","py_ctrm_fcws.state_py_15"
"distri_189","189","BENJAMIN ACEVAL(MONTE SOCIEDAD","py_ctrm_fcws.state_py_15"
"distri_190","190","PTO.PINAZCO","py_ctrm_fcws.state_py_15"
"distri_191","191","NANAWA","py_ctrm_fcws.state_py_15"
"distri_206","206","POZO COLORADO","py_ctrm_fcws.state_py_15"
"distri_242","242","JOSE FALCON","py_ctrm_fcws.state_py_15"
"distri_261","261","TTE. 1RO. IRALA FERNANDEZ","py_ctrm_fcws.state_py_15"
"distri_264","264","TENIENTE ESTEBAN MARTINEZ","py_ctrm_fcws.state_py_15"
"distri_192","192","MCAL.ESTIGARRIBIA","py_ctrm_fcws.state_py_16"
"distri_193","193","BOQUERON","py_ctrm_fcws.state_py_16"
"distri_194","194","PEDRO P.PEÑA","py_ctrm_fcws.state_py_16"
"distri_234","234","GRAL. EUGENIO A. GARAY","py_ctrm_fcws.state_py_16"
"distri_259","259","FILADELFIA","py_ctrm_fcws.state_py_16"
"distri_260","260","LOMA PLATA","py_ctrm_fcws.state_py_16"
"distri_195","195","FUERTE OLIMPO","py_ctrm_fcws.state_py_17"
"distri_196","196","BAHIA NEGRA","py_ctrm_fcws.state_py_17"
"distri_218","218","PUERTO CASADO","py_ctrm_fcws.state_py_17"
"distri_223","223","PUERTO GUARANI","py_ctrm_fcws.state_py_17"
"distri_233","233","MAYOR PABLO LAGERENZA","py_ctrm_fcws.state_py_17"
"distri_266","266","CARMELO PERALTA","py_ctrm_fcws.state_py_17"
"distri_197","197","SAN ISIDRO DEL CURUGUATY","py_ctrm_fcws.state_py_18"
"distri_198","198","VILLA YGATIMI","py_ctrm_fcws.state_py_18"
"distri_199","199","YPEJHU","py_ctrm_fcws.state_py_18"
"distri_200","200","CORPUS CHRISTI","py_ctrm_fcws.state_py_18"
"distri_201","201","ITANARA","py_ctrm_fcws.state_py_18"
"distri_202","202","FRANCISCO CABALLERO ALVAREZ","py_ctrm_fcws.state_py_18"
"distri_207","207","SALTO DEL GUAIRA","py_ctrm_fcws.state_py_18"
"distri_235","235","LA PALOMA","py_ctrm_fcws.state_py_18"
"distri_236","236","KATUETE","py_ctrm_fcws.state_py_18"
"distri_238","238","NUEVA ESPERANZA","py_ctrm_fcws.state_py_18"
"distri_241","241","YASY KAÑY","py_ctrm_fcws.state_py_18"
"distri_271","271","YBYRAROBANA","py_ctrm_fcws.state_py_18"
"distri_274","274","YBY PYTA","py_ctrm_fcws.state_py_18"
"distri_283","283","MARACANA","py_ctrm_fcws.state_py_18"
"distri_284","284","PUERTO ADELA","py_ctrm_fcws.state_py_18"
